{
  "12345": {
    "ethereum": 10.804625874593341,
    "oobit": 955909.2784155513
  },
  "1234544": {
    "bitcoin": 1
  }
}