{
  "your-user-id": {
    "bitcoin": 0.09993102719389434,
    "ethereum": 7.20348102707198,
    "oobit": 3738960.2155585573
  }
}